{
    "__comment": "designed_by_hypixel_minecraft_server_with_bdcraft_cubik_pro_0.90_beta_-_http://bdcraft.net",
    "parent": "tkr:item/template_item",
    "ambientocclusion": false,
    "textures": {
        "particle": "#texture",
        "texture": "tkr:item/coin"
    },
    "elements": [
        {
            "from": [
                0.5,
                6,
                6
            ],
            "to": [
                15.5,
                10,
                8
            ],
            "faces": {
                "down": {
                    "uv": [
                        0.5,
                        9.5,
                        15.5,
                        10
                    ],
                    "texture": "#texture"
                },
                "up": {
                    "uv": [
                        0.5,
                        6,
                        15.5,
                        6.5
                    ],
                    "texture": "#texture"
                },
                "north": {
                    "uv": [
                        15.5,
                        6,
                        0.5,
                        10
                    ],
                    "texture": "#texture"
                },
                "south": {
                    "uv": [
                        0.5,
                        6,
                        15.5,
                        10
                    ],
                    "texture": "#texture"
                },
                "west": {
                    "uv": [
                        0.5,
                        6,
                        1,
                        10
                    ],
                    "texture": "#texture"
                },
                "east": {
                    "uv": [
                        15,
                        6,
                        15.5,
                        10
                    ],
                    "texture": "#texture"
                }
            }
        },
        {
            "from": [
                1,
                4.5,
                6
            ],
            "to": [
                15,
                11.5,
                8
            ],
            "faces": {
                "down": {
                    "uv": [
                        1,
                        11.5,
                        15,
                        11
                    ],
                    "texture": "#texture"
                },
                "up": {
                    "uv": [
                        1,
                        4.5,
                        15,
                        5
                    ],
                    "texture": "#texture"
                },
                "north": {
                    "uv": [
                        15,
                        4.5,
                        1,
                        11.5
                    ],
                    "texture": "#texture"
                },
                "south": {
                    "uv": [
                        1,
                        4.5,
                        15,
                        11.5
                    ],
                    "texture": "#texture"
                },
                "west": {
                    "uv": [
                        1,
                        4.5,
                        1.5,
                        11.5
                    ],
                    "texture": "#texture"
                },
                "east": {
                    "uv": [
                        14.5,
                        4.5,
                        15,
                        11.5
                    ],
                    "texture": "#texture"
                }
            }
        },
        {
            "from": [
                1.5,
                4,
                6
            ],
            "to": [
                14.5,
                12,
                8
            ],
            "faces": {
                "down": {
                    "uv": [
                        1.5,
                        12,
                        14.5,
                        11.5
                    ],
                    "texture": "#texture"
                },
                "up": {
                    "uv": [
                        1.5,
                        4,
                        14.5,
                        4.5
                    ],
                    "texture": "#texture"
                },
                "north": {
                    "uv": [
                        14.5,
                        4,
                        1.5,
                        12
                    ],
                    "texture": "#texture"
                },
                "south": {
                    "uv": [
                        1.5,
                        4,
                        14.5,
                        12
                    ],
                    "texture": "#texture"
                },
                "west": {
                    "uv": [
                        1.5,
                        4,
                        2,
                        12
                    ],
                    "texture": "#texture"
                },
                "east": {
                    "uv": [
                        14,
                        4,
                        14.5,
                        12
                    ],
                    "texture": "#texture"
                }
            }
        },
        {
            "from": [
                2,
                3,
                6
            ],
            "to": [
                14,
                13,
                8
            ],
            "faces": {
                "down": {
                    "uv": [
                        2,
                        12.5,
                        14,
                        13
                    ],
                    "texture": "#texture"
                },
                "up": {
                    "uv": [
                        2,
                        3,
                        14,
                        3.5
                    ],
                    "texture": "#texture"
                },
                "north": {
                    "uv": [
                        14,
                        3,
                        2,
                        13
                    ],
                    "texture": "#texture"
                },
                "south": {
                    "uv": [
                        2,
                        3,
                        14,
                        13
                    ],
                    "texture": "#texture"
                },
                "west": {
                    "uv": [
                        2,
                        3,
                        2.5,
                        13
                    ],
                    "texture": "#texture"
                },
                "east": {
                    "uv": [
                        13.5,
                        3,
                        14,
                        13
                    ],
                    "texture": "#texture"
                }
            }
        },
        {
            "from": [
                2.5,
                2.5,
                6
            ],
            "to": [
                13.5,
                13.5,
                8
            ],
            "faces": {
                "down": {
                    "uv": [
                        2.5,
                        13,
                        13.5,
                        13.5
                    ],
                    "texture": "#texture"
                },
                "up": {
                    "uv": [
                        2.5,
                        2.5,
                        13.5,
                        3
                    ],
                    "texture": "#texture"
                },
                "north": {
                    "uv": [
                        13.5,
                        2.5,
                        2.5,
                        13.5
                    ],
                    "texture": "#texture"
                },
                "south": {
                    "uv": [
                        2.5,
                        2.5,
                        13.5,
                        13.5
                    ],
                    "texture": "#texture"
                },
                "west": {
                    "uv": [
                        2.5,
                        2.5,
                        3,
                        13.5
                    ],
                    "texture": "#texture"
                },
                "east": {
                    "uv": [
                        13,
                        2.5,
                        13.5,
                        13.5
                    ],
                    "texture": "#texture"
                }
            }
        },
        {
            "from": [
                3,
                2,
                6
            ],
            "to": [
                13,
                14,
                8
            ],
            "faces": {
                "down": {
                    "uv": [
                        3,
                        13.5,
                        13,
                        14
                    ],
                    "texture": "#texture"
                },
                "up": {
                    "uv": [
                        3,
                        2,
                        13,
                        2.5
                    ],
                    "texture": "#texture"
                },
                "north": {
                    "uv": [
                        13,
                        2,
                        3,
                        14
                    ],
                    "texture": "#texture"
                },
                "south": {
                    "uv": [
                        3,
                        2,
                        13,
                        14
                    ],
                    "texture": "#texture"
                },
                "west": {
                    "uv": [
                        3,
                        2,
                        3.5,
                        14
                    ],
                    "texture": "#texture"
                },
                "east": {
                    "uv": [
                        12.5,
                        2,
                        13,
                        14
                    ],
                    "texture": "#texture"
                }
            }
        },
        {
            "from": [
                4,
                1.5,
                6
            ],
            "to": [
                12,
                14.5,
                8
            ],
            "faces": {
                "down": {
                    "uv": [
                        4,
                        14,
                        12,
                        14.5
                    ],
                    "texture": "#texture"
                },
                "up": {
                    "uv": [
                        4,
                        1.5,
                        12,
                        2
                    ],
                    "texture": "#texture"
                },
                "north": {
                    "uv": [
                        12,
                        1.5,
                        4,
                        14.5
                    ],
                    "texture": "#texture"
                },
                "south": {
                    "uv": [
                        4,
                        1.5,
                        12,
                        14.5
                    ],
                    "texture": "#texture"
                },
                "west": {
                    "uv": [
                        4,
                        1.5,
                        4.5,
                        14.5
                    ],
                    "texture": "#texture"
                },
                "east": {
                    "uv": [
                        11.5,
                        1.5,
                        12,
                        14.5
                    ],
                    "texture": "#texture"
                }
            }
        },
        {
            "from": [
                4.5,
                1,
                6
            ],
            "to": [
                11.5,
                15,
                8
            ],
            "faces": {
                "down": {
                    "uv": [
                        4.5,
                        14.5,
                        11.5,
                        15
                    ],
                    "texture": "#texture"
                },
                "up": {
                    "uv": [
                        4.5,
                        1,
                        11.5,
                        1.5
                    ],
                    "texture": "#texture"
                },
                "north": {
                    "uv": [
                        11.5,
                        1,
                        4.5,
                        15
                    ],
                    "texture": "#texture"
                },
                "south": {
                    "uv": [
                        4.5,
                        1,
                        11.5,
                        15
                    ],
                    "texture": "#texture"
                },
                "west": {
                    "uv": [
                        4.5,
                        1,
                        5,
                        15
                    ],
                    "texture": "#texture"
                },
                "east": {
                    "uv": [
                        11,
                        1,
                        11.5,
                        15
                    ],
                    "texture": "#texture"
                }
            }
        },
        {
            "from": [
                6,
                0.5,
                6
            ],
            "to": [
                10,
                15.5,
                8
            ],
            "faces": {
                "down": {
                    "uv": [
                        6,
                        15,
                        10,
                        15.5
                    ],
                    "texture": "#texture"
                },
                "up": {
                    "uv": [
                        6,
                        0.5,
                        10,
                        1
                    ],
                    "texture": "#texture"
                },
                "north": {
                    "uv": [
                        10,
                        0.5,
                        6,
                        15.5
                    ],
                    "texture": "#texture"
                },
                "south": {
                    "uv": [
                        6,
                        0.5,
                        10,
                        15.5
                    ],
                    "texture": "#texture"
                },
                "west": {
                    "uv": [
                        6,
                        0.5,
                        6.5,
                        15.5
                    ],
                    "texture": "#texture"
                },
                "east": {
                    "uv": [
                        9.5,
                        0.5,
                        10,
                        15.5
                    ],
                    "texture": "#texture"
                }
            }
        }
    ],
    "display": {
        "thirdperson_righthand": {
            "rotation": [
                0,
                101,
                0
            ],
            "translation": [
                0,
                -0.38,
                -3.78
            ],
            "scale": [
                0.7,
                0.7,
                0.7
            ]
        },
        "head": {
            "rotation": [
                0,
                0,
                0
            ],
            "translation": [
                0,
                2.1,
                0
            ],
            "scale": [
                1.5,
                1.5,
                1.5
            ]
        },
        "fixed": {
            "rotation": [
                0,
                0,
                0
            ],
            "translation": [
                0,
                0,
                0
            ],
            "scale": [
                1,
                1,
                1
            ]
        },
        "firstperson_righthand": {
            "rotation": [
                -18,
                -18,
                0
            ],
            "translation": [
                6.99,
                -2.46,
                -9.64
            ],
            "scale": [
                1,
                1,
                1
            ]
        },
        "gui": {
            "rotation": [
                0,
                0,
                0
            ],
            "translation": [
                0,
                0,
                0
            ],
            "scale": [
                1,
                1,
                1
            ]
        }
    }
}