{
    "__comment": "designed_by_hypixel_minecraft_server_with_bdcraft_cubik_pro_0.93_beta_-_http://bdcraft.net",
    "parent": "tkr:item/template_item",
    "ambientocclusion": false,
    "textures": {
        "particle": "#texture",
        "texture": "tkr:item/fire_flower_core",
        "fx": "tkr:item/fire_flower_flame"
    },
    "elements": [
        {
            "from": [
                6,
                5.5,
                6
            ],
            "to": [
                10,
                10.5,
                10
            ],
            "faces": {
                "down": {
                    "uv": [
                        10,
                        10.5,
                        6,
                        5.5
                    ],
                    "texture": "#texture"
                },
                "up": {
                    "uv": [
                        6,
                        5.5,
                        10,
                        10.5
                    ],
                    "texture": "#texture"
                },
                "north": {
                    "uv": [
                        5.5,
                        6.5,
                        10.5,
                        9.5
                    ],
                    "texture": "#texture"
                },
                "south": {
                    "uv": [
                        5.5,
                        6.5,
                        10.5,
                        9.5
                    ],
                    "texture": "#texture"
                },
                "west": {
                    "uv": [
                        5.5,
                        6.5,
                        10.5,
                        9.5
                    ],
                    "texture": "#texture"
                },
                "east": {
                    "uv": [
                        5.5,
                        6.5,
                        10.5,
                        9.5
                    ],
                    "texture": "#texture"
                }
            }
        },
        {
            "from": [
                7,
                5,
                7
            ],
            "to": [
                9,
                11,
                9
            ],
            "faces": {
                "down": {
                    "uv": [
                        10,
                        10.5,
                        6,
                        5.5
                    ],
                    "texture": "#texture"
                },
                "up": {
                    "uv": [
                        6,
                        5.5,
                        10,
                        10.5
                    ],
                    "texture": "#texture"
                },
                "north": {
                    "uv": [
                        5.5,
                        6.5,
                        10.5,
                        9.5
                    ],
                    "texture": "#texture"
                },
                "south": {
                    "uv": [
                        5.5,
                        6.5,
                        10.5,
                        9.5
                    ],
                    "texture": "#texture"
                },
                "west": {
                    "uv": [
                        5.5,
                        6.5,
                        10.5,
                        9.5
                    ],
                    "texture": "#texture"
                },
                "east": {
                    "uv": [
                        5.5,
                        6.5,
                        10.5,
                        9.5
                    ],
                    "texture": "#texture"
                }
            }
        },
        {
            "from": [
                6,
                6,
                5.5
            ],
            "to": [
                10,
                10,
                10.5
            ],
            "faces": {
                "down": {
                    "uv": [
                        10,
                        10.5,
                        6,
                        5.5
                    ],
                    "texture": "#texture"
                },
                "up": {
                    "uv": [
                        6,
                        5.5,
                        10,
                        10.5
                    ],
                    "texture": "#texture"
                },
                "north": {
                    "uv": [
                        5.5,
                        6.5,
                        10.5,
                        9.5
                    ],
                    "texture": "#texture"
                },
                "south": {
                    "uv": [
                        5.5,
                        6.5,
                        10.5,
                        9.5
                    ],
                    "texture": "#texture"
                },
                "west": {
                    "uv": [
                        5.5,
                        6.5,
                        10.5,
                        9.5
                    ],
                    "texture": "#texture"
                },
                "east": {
                    "uv": [
                        5.5,
                        6.5,
                        10.5,
                        9.5
                    ],
                    "texture": "#texture"
                }
            }
        },
        {
            "from": [
                5.5,
                6,
                6
            ],
            "to": [
                10.5,
                10,
                10
            ],
            "faces": {
                "down": {
                    "uv": [
                        10,
                        10.5,
                        6,
                        5.5
                    ],
                    "texture": "#texture"
                },
                "up": {
                    "uv": [
                        6,
                        5.5,
                        10,
                        10.5
                    ],
                    "texture": "#texture"
                },
                "north": {
                    "uv": [
                        5.5,
                        6.5,
                        10.5,
                        9.5
                    ],
                    "texture": "#texture"
                },
                "south": {
                    "uv": [
                        5.5,
                        6.5,
                        10.5,
                        9.5
                    ],
                    "texture": "#texture"
                },
                "west": {
                    "uv": [
                        5.5,
                        6.5,
                        10.5,
                        9.5
                    ],
                    "texture": "#texture"
                },
                "east": {
                    "uv": [
                        5.5,
                        6.5,
                        10.5,
                        9.5
                    ],
                    "texture": "#texture"
                }
            }
        },
        {
            "from": [
                5,
                7,
                7
            ],
            "to": [
                11,
                9,
                9
            ],
            "faces": {
                "down": {
                    "uv": [
                        10,
                        10.5,
                        6,
                        5.5
                    ],
                    "texture": "#texture"
                },
                "up": {
                    "uv": [
                        6,
                        5.5,
                        10,
                        10.5
                    ],
                    "texture": "#texture"
                },
                "north": {
                    "uv": [
                        5.5,
                        6.5,
                        10.5,
                        9.5
                    ],
                    "texture": "#texture"
                },
                "south": {
                    "uv": [
                        5.5,
                        6.5,
                        10.5,
                        9.5
                    ],
                    "texture": "#texture"
                },
                "west": {
                    "uv": [
                        5.5,
                        6.5,
                        10.5,
                        9.5
                    ],
                    "texture": "#texture"
                },
                "east": {
                    "uv": [
                        5.5,
                        6.5,
                        10.5,
                        9.5
                    ],
                    "texture": "#texture"
                }
            }
        },
        {
            "from": [
                7,
                7,
                5
            ],
            "to": [
                9,
                9,
                11
            ],
            "faces": {
                "down": {
                    "uv": [
                        10,
                        10.5,
                        6,
                        5.5
                    ],
                    "texture": "#texture"
                },
                "up": {
                    "uv": [
                        6,
                        5.5,
                        10,
                        10.5
                    ],
                    "texture": "#texture"
                },
                "north": {
                    "uv": [
                        5.5,
                        6.5,
                        10.5,
                        9.5
                    ],
                    "texture": "#texture"
                },
                "south": {
                    "uv": [
                        5.5,
                        6.5,
                        10.5,
                        9.5
                    ],
                    "texture": "#texture"
                },
                "west": {
                    "uv": [
                        5.5,
                        6.5,
                        10.5,
                        9.5
                    ],
                    "texture": "#texture"
                },
                "east": {
                    "uv": [
                        5.5,
                        6.5,
                        10.5,
                        9.5
                    ],
                    "texture": "#texture"
                }
            }
        },
        {
            "from": [
                0,
                7.9375,
                0
            ],
            "to": [
                16,
                8,
                16
            ],
            "faces": {
                "down": {
                    "uv": [
                        0,
                        16,
                        16,
                        0
                    ],
                    "texture": "#fx"
                },
                "up": {
                    "uv": [
                        0,
                        0,
                        16,
                        16
                    ],
                    "texture": "#fx"
                }
            }
        },
        {
            "from": [
                8,
                0,
                0
            ],
            "to": [
                8.0625,
                16,
                16
            ],
            "faces": {
                "west": {
                    "uv": [
                        0,
                        0,
                        16,
                        16
                    ],
                    "texture": "#fx"
                },
                "east": {
                    "uv": [
                        16,
                        0,
                        0,
                        16
                    ],
                    "texture": "#fx"
                }
            }
        },
        {
            "from": [
                0,
                0,
                8
            ],
            "to": [
                16,
                16,
                8.0625
            ],
            "faces": {
                "north": {
                    "uv": [
                        0,
                        0,
                        16,
                        16
                    ],
                    "texture": "#fx"
                },
                "south": {
                    "uv": [
                        16,
                        0,
                        0,
                        16
                    ],
                    "texture": "#fx"
                }
            }
        }
    ],
    "display": {
        "thirdperson_righthand": {
            "rotation": [
                0,
                0,
                0
            ],
            "translation": [
                0,
                0,
                0
            ],
            "scale": [
                1,
                1,
                1
            ]
        },
        "firstperson_righthand": {
            "rotation": [
                0,
                0,
                0
            ],
            "translation": [
                0,
                0,
                0
            ],
            "scale": [
                1,
                1,
                1
            ]
        },
        "gui": {
            "rotation": [
                0,
                0,
                0
            ],
            "translation": [
                0,
                0,
                0
            ],
            "scale": [
                1,
                1,
                1
            ]
        }
    }
}