{
    "__comment": "designed_by_hypixel_minecraft_server_with_bdcraft_cubik_pro_0.93_beta_-_http://bdcraft.net",
    "parent": "tkr:item/template_item",
    "ambientocclusion": false,
    "textures": {
        "particle": "#texture",
        "texture": "tkr:item/item_box"
    },
    "elements": [
        {
            "from": [
                1,
                15.5,
                1
            ],
            "to": [
                15,
                16,
                15
            ],
            "faces": {
                "up": {
                    "uv": [
                        1,
                        1,
                        15,
                        15
                    ],
                    "rotation": 90,
                    "texture": "#texture",
                    "cullface": "up"
                },
                "north": {
                    "uv": [
                        1,
                        0,
                        15,
                        0.5
                    ],
                    "texture": "#texture"
                },
                "south": {
                    "uv": [
                        1,
                        0,
                        15,
                        0.5
                    ],
                    "texture": "#texture"
                },
                "west": {
                    "uv": [
                        1,
                        0,
                        15,
                        0.5
                    ],
                    "texture": "#texture"
                },
                "east": {
                    "uv": [
                        1,
                        0,
                        15,
                        0.5
                    ],
                    "texture": "#texture"
                }
            }
        },
        {
            "from": [
                0.5,
                15,
                15
            ],
            "to": [
                15.5,
                15.5,
                15.5
            ],
            "faces": {
                "up": {
                    "uv": [
                        0.5,
                        15,
                        15.5,
                        15.5
                    ],
                    "texture": "#texture"
                },
                "south": {
                    "uv": [
                        0.5,
                        0.5,
                        15.5,
                        1
                    ],
                    "texture": "#texture"
                },
                "west": {
                    "uv": [
                        15,
                        0.5,
                        15.5,
                        1
                    ],
                    "texture": "#texture"
                },
                "east": {
                    "uv": [
                        0.5,
                        0.5,
                        1,
                        1
                    ],
                    "texture": "#texture"
                }
            }
        },
        {
            "from": [
                0.5,
                15,
                1
            ],
            "to": [
                1,
                15.5,
                15
            ],
            "faces": {
                "up": {
                    "uv": [
                        0.5,
                        1,
                        1,
                        15
                    ],
                    "texture": "#texture"
                },
                "west": {
                    "uv": [
                        1,
                        0.5,
                        15,
                        1
                    ],
                    "texture": "#texture"
                }
            }
        },
        {
            "from": [
                15,
                15,
                1
            ],
            "to": [
                15.5,
                15.5,
                15
            ],
            "faces": {
                "up": {
                    "uv": [
                        15,
                        1,
                        15.5,
                        15
                    ],
                    "texture": "#texture"
                },
                "east": {
                    "uv": [
                        1,
                        0.5,
                        15,
                        1
                    ],
                    "texture": "#texture"
                }
            }
        },
        {
            "from": [
                0.5,
                15,
                0.5
            ],
            "to": [
                15.5,
                15.5,
                1
            ],
            "faces": {
                "up": {
                    "uv": [
                        0.5,
                        0.5,
                        15.5,
                        1
                    ],
                    "texture": "#texture"
                },
                "north": {
                    "uv": [
                        0.5,
                        0.5,
                        15.5,
                        1
                    ],
                    "texture": "#texture"
                },
                "west": {
                    "uv": [
                        0.5,
                        0.5,
                        1,
                        1
                    ],
                    "texture": "#texture"
                },
                "east": {
                    "uv": [
                        15,
                        0.5,
                        15.5,
                        1
                    ],
                    "texture": "#texture"
                }
            }
        },
        {
            "from": [
                1,
                1,
                15.5
            ],
            "to": [
                15,
                15,
                16
            ],
            "faces": {
                "down": {
                    "uv": [
                        15,
                        16,
                        1,
                        15.5
                    ],
                    "texture": "#texture"
                },
                "up": {
                    "uv": [
                        1,
                        15.5,
                        15,
                        16
                    ],
                    "texture": "#texture"
                },
                "south": {
                    "uv": [
                        1,
                        1,
                        15,
                        15
                    ],
                    "texture": "#texture",
                    "cullface": "south"
                },
                "west": {
                    "uv": [
                        15.5,
                        1,
                        16,
                        15
                    ],
                    "texture": "#texture"
                },
                "east": {
                    "uv": [
                        0,
                        1,
                        0.5,
                        15
                    ],
                    "texture": "#texture"
                }
            }
        },
        {
            "from": [
                0.5,
                1,
                15
            ],
            "to": [
                1,
                15,
                15.5
            ],
            "faces": {
                "south": {
                    "uv": [
                        0.5,
                        1,
                        1,
                        15
                    ],
                    "texture": "#texture"
                },
                "west": {
                    "uv": [
                        15,
                        1,
                        15.5,
                        15
                    ],
                    "texture": "#texture"
                }
            }
        },
        {
            "from": [
                15,
                1,
                15
            ],
            "to": [
                15.5,
                15,
                15.5
            ],
            "faces": {
                "south": {
                    "uv": [
                        15,
                        1,
                        15.5,
                        15
                    ],
                    "texture": "#texture"
                },
                "east": {
                    "uv": [
                        0.5,
                        1,
                        1,
                        15
                    ],
                    "texture": "#texture"
                }
            }
        },
        {
            "from": [
                0.5,
                0.5,
                15
            ],
            "to": [
                15.5,
                1,
                15.5
            ],
            "faces": {
                "down": {
                    "uv": [
                        15.5,
                        15.5,
                        0.5,
                        15
                    ],
                    "texture": "#texture"
                },
                "south": {
                    "uv": [
                        0.5,
                        15,
                        15.5,
                        15.5
                    ],
                    "texture": "#texture"
                },
                "west": {
                    "uv": [
                        15,
                        15,
                        15.5,
                        15.5
                    ],
                    "texture": "#texture"
                },
                "east": {
                    "uv": [
                        0.5,
                        15,
                        1,
                        15.5
                    ],
                    "texture": "#texture"
                }
            }
        },
        {
            "from": [
                0,
                1,
                1
            ],
            "to": [
                0.5,
                15,
                15
            ],
            "faces": {
                "down": {
                    "uv": [
                        16,
                        15,
                        15.5,
                        1
                    ],
                    "texture": "#texture"
                },
                "up": {
                    "uv": [
                        0,
                        1,
                        0.5,
                        15
                    ],
                    "texture": "#texture"
                },
                "north": {
                    "uv": [
                        15.5,
                        1,
                        16,
                        15
                    ],
                    "texture": "#texture"
                },
                "south": {
                    "uv": [
                        0,
                        1,
                        0.5,
                        15
                    ],
                    "texture": "#texture"
                },
                "west": {
                    "uv": [
                        1,
                        1,
                        15,
                        15
                    ],
                    "texture": "#texture",
                    "cullface": "west"
                }
            }
        },
        {
            "from": [
                0.5,
                0.5,
                1
            ],
            "to": [
                1,
                1,
                15
            ],
            "faces": {
                "down": {
                    "uv": [
                        15.5,
                        15,
                        15,
                        1
                    ],
                    "texture": "#texture"
                },
                "west": {
                    "uv": [
                        1,
                        15,
                        15,
                        15.5
                    ],
                    "texture": "#texture"
                }
            }
        },
        {
            "from": [
                15,
                0.5,
                1
            ],
            "to": [
                15.5,
                1,
                15
            ],
            "faces": {
                "down": {
                    "uv": [
                        1,
                        15,
                        0.5,
                        1
                    ],
                    "texture": "#texture"
                },
                "east": {
                    "uv": [
                        1,
                        15,
                        15,
                        15.5
                    ],
                    "texture": "#texture"
                }
            }
        },
        {
            "from": [
                0.5,
                0.5,
                0.5
            ],
            "to": [
                15.5,
                1,
                1
            ],
            "faces": {
                "down": {
                    "uv": [
                        15.5,
                        1,
                        0.5,
                        0.5
                    ],
                    "texture": "#texture"
                },
                "north": {
                    "uv": [
                        0.5,
                        15,
                        15.5,
                        15.5
                    ],
                    "texture": "#texture"
                },
                "west": {
                    "uv": [
                        0.5,
                        15,
                        1,
                        15.5
                    ],
                    "texture": "#texture"
                },
                "east": {
                    "uv": [
                        15,
                        15,
                        15.5,
                        15.5
                    ],
                    "texture": "#texture"
                }
            }
        },
        {
            "from": [
                15.5,
                1,
                1
            ],
            "to": [
                16,
                15,
                15
            ],
            "faces": {
                "down": {
                    "uv": [
                        0.5,
                        15,
                        0,
                        1
                    ],
                    "texture": "#texture"
                },
                "up": {
                    "uv": [
                        15.5,
                        1,
                        16,
                        15
                    ],
                    "texture": "#texture"
                },
                "north": {
                    "uv": [
                        0,
                        1,
                        0.5,
                        15
                    ],
                    "texture": "#texture"
                },
                "south": {
                    "uv": [
                        15.5,
                        1,
                        16,
                        15
                    ],
                    "texture": "#texture"
                },
                "east": {
                    "uv": [
                        1,
                        1,
                        15,
                        15
                    ],
                    "texture": "#texture",
                    "cullface": "east"
                }
            }
        },
        {
            "from": [
                0.5,
                1,
                0.5
            ],
            "to": [
                1,
                15,
                1
            ],
            "faces": {
                "north": {
                    "uv": [
                        15,
                        1,
                        15.5,
                        15
                    ],
                    "texture": "#texture"
                },
                "west": {
                    "uv": [
                        0.5,
                        1,
                        1,
                        15
                    ],
                    "texture": "#texture"
                }
            }
        },
        {
            "from": [
                15,
                1,
                0.5
            ],
            "to": [
                15.5,
                15,
                1
            ],
            "faces": {
                "north": {
                    "uv": [
                        0.5,
                        1,
                        1,
                        15
                    ],
                    "texture": "#texture"
                },
                "east": {
                    "uv": [
                        15,
                        1,
                        15.5,
                        15
                    ],
                    "texture": "#texture"
                }
            }
        },
        {
            "from": [
                1,
                1,
                0
            ],
            "to": [
                15,
                15,
                0.5
            ],
            "faces": {
                "down": {
                    "uv": [
                        15,
                        0.5,
                        1,
                        0
                    ],
                    "texture": "#texture"
                },
                "up": {
                    "uv": [
                        1,
                        0,
                        15,
                        0.5
                    ],
                    "texture": "#texture"
                },
                "north": {
                    "uv": [
                        1,
                        1,
                        15,
                        15
                    ],
                    "rotation": 270,
                    "texture": "#texture",
                    "cullface": "north"
                },
                "west": {
                    "uv": [
                        0,
                        1,
                        0.5,
                        15
                    ],
                    "texture": "#texture"
                },
                "east": {
                    "uv": [
                        15.5,
                        1,
                        16,
                        15
                    ],
                    "texture": "#texture"
                }
            }
        },
        {
            "from": [
                1,
                0,
                1
            ],
            "to": [
                15,
                0.5,
                15
            ],
            "faces": {
                "down": {
                    "uv": [
                        15,
                        15,
                        1,
                        1
                    ],
                    "rotation": 180,
                    "texture": "#texture",
                    "cullface": "down"
                },
                "north": {
                    "uv": [
                        1,
                        15.5,
                        15,
                        16
                    ],
                    "texture": "#texture"
                },
                "south": {
                    "uv": [
                        1,
                        15.5,
                        15,
                        16
                    ],
                    "texture": "#texture"
                },
                "west": {
                    "uv": [
                        1,
                        15.5,
                        15,
                        16
                    ],
                    "texture": "#texture"
                },
                "east": {
                    "uv": [
                        1,
                        15.5,
                        15,
                        16
                    ],
                    "texture": "#texture"
                }
            }
        }
    ],
    "display": {
        "head": {
            "rotation": [
                40,
                0,
                -45
            ],
            "translation": [
                0,
                -18.14,
                0
            ],
            "scale": [
                1,
                1,
                1
            ]
        },
        "ground": {
            "rotation": [
                -36,
                0,
                35
            ],
            "translation": [
                0,
                0,
                0
            ],
            "scale": [
                2.5,
                2.5,
                2.5
            ]
        },
        "fixed": {
            "rotation": [
                0,
                0,
                45
            ],
            "translation": [
                0,
                0,
                4.35
            ],
            "scale": [
                0.9,
                0.9,
                0.7
            ]
        },
        "gui": {
            "rotation": [
                0,
                0,
                45
            ],
            "translation": [
                0,
                0,
                0
            ],
            "scale": [
                0.707,
                0.707,
                0.707
            ]
        }
    }
}