{
    "parent": "tkr:item/template_item",
    "ambientocclusion": false,
    "display": {
        "head": {
            "rotation": [ 0, 0, 0 ],
            "translation": [ 0, 1, -2.5 ],
            "scale": [ 1.8, 1.8, 1.8 ]
        },
        "gui": {
            "rotation": [ 30, 225, 0 ],
            "translation": [ 0, -1.1, 0 ],
            "scale": [ 0.4, 0.4, 0.4 ]
        },
        "firstperson_righthand": {
            "rotation": [ 0, 0, 0 ],
            "scale": [ 0.5, 0.5, 0.5 ]
        }
    }
}
